confidence_label,n_assignments,topology_mean,semantic_mean,go_mean,membership_mean,best_gold_jaccard_mean,gold_supported_assignment_fraction,nonzero_evidence_fraction
core,1365,0.7428679632581742,0.7360488657814271,1.0,0.7394584145198005,0.3134377383477625,0.34725274725274724,1.0
inner,1442,0.18608742866178388,0.6724860509938376,0.9909847434119279,0.42928673982781074,0.10189146492159193,0.07350901525658807,1.0
outer,10,0.1075820281083439,0.17892368767214265,0.9,0.14325285789024328,0.005,0.0,1.0
uncertain,4,0.045225221770585675,0.0,0.0,0.022612610885292837,0.0125,0.0,1.0
