method,f1_mean,f1_sd,precision_mean,precision_sd,recall_mean,recall_sd
ClusterONE_exact,0.17142857142857143,0.036811710647786065,0.13157894736842105,0.028254602470888436,0.2459016393442623,0.052803683306250515
ECHO-PPI_final,0.09435897435897436,0.022819072267986663,0.06865671641791045,0.016603429448721632,0.15081967213114753,0.03647310731358524
MCL,0.08878504672897196,0.017169320626984893,0.06209150326797386,0.012007302660701854,0.1557377049180328,0.03011667716536694
MCL_overlap_heuristic,0.09538461538461537,0.021329881377523518,0.06940298507462686,0.015519876375436881,0.15245901639344261,0.03409284318538594
naive_expansion_negative_control,0.02769230769230769,0.01063407248888601,0.020149253731343283,0.007737478116913329,0.04426229508196722,0.01699708307649813
score_select_only_ablation,0.0789272030651341,0.011038207119454357,0.051500000000000004,0.007202430145443965,0.16885245901639342,0.0236145250670294
