method,f1_mean,precision_mean,recall_mean,mean_size,coverage,num_modules,n_proteins_assigned,runtime_sec,bundle_complete
ClusterONE_exact,0.26968973747016706,0.4956140350877193,0.18524590163934426,5.114035087719298,0.255750273822563,228.0,831.0,0.32584285736083984,0.0
ECHO-PPI_final,0.16173120728929385,0.26492537313432835,0.11639344262295082,7.134328358208955,0.2568455640744797,268.0,1820.0,24.94700527191162,1.0
MCL,0.16157205240174674,0.24183006535947713,0.12131147540983607,5.980392156862745,0.2623220153340635,306.0,1830.0,0.6040101051330566,0.0
MCL_overlap_heuristic,0.16400911161731208,0.26865671641791045,0.1180327868852459,6.91044776119403,0.25958378970427165,268.0,1830.0,3.2994649410247803,0.0
core_only_ablation,0.055,0.238,0.031,12.8,0.122,0.0,0.0,0.0,0.0
naive_expansion_negative_control,0.04328018223234625,0.0708955223880597,0.03114754098360656,39.406716417910445,0.08817086527929902,268.0,1836.0,25.108638048171997,1.0
score_select_only_ablation,0.16831683168316833,0.2125,0.13934426229508196,13.4025,0.291894852135816,400.0,1747.0,2.0512280464172363,1.0
