confidence_label,n_assignments,topology_mean,semantic_mean,go_mean,membership_mean,best_gold_jaccard_mean,gold_supported_assignment_fraction,nonzero_evidence_fraction
core,1192,0.7139793604404494,0.7885267944386483,1.0,0.7512530774395487,0.31019596637733843,0.35570469798657717,1.0
inner,710,0.17695636213664234,0.6990295385613349,0.9929577464788732,0.4379929503489886,0.1146603202117961,0.08028169014084507,1.0
outer,7,0.1590889269460698,-0.012986676693495547,0.0,0.07305112512628711,0.0,0.0,1.0
uncertain,3,0.03333333333333333,0.0,0.3333333333333333,0.016666666666666666,0.1111111111111111,0.0,0.6666666666666666
