confidence_label,n_assignments,topology_nonzero_fraction,semantic_nonzero_fraction,go_nonzero_fraction,any_nonzero_fraction,multi_channel_fraction
core,1192,1.0,1.0,1.0,1.0,1.0
inner,710,0.9366197183098591,0.9943661971830986,0.9929577464788732,1.0,0.995774647887324
outer,7,1.0,0.14285714285714285,0.0,1.0,0.14285714285714285
uncertain,3,0.3333333333333333,0.0,0.3333333333333333,0.6666666666666666,0.0
