category,n_gold,fraction,mean_best_jaccard,median_best_jaccard
best_jaccard_between_0_and_0.5,333,0.5459016393442623,0.24615469494803272,0.15789473684210525
best_jaccard_eq_0,164,0.26885245901639343,0.24615469494803272,0.15789473684210525
best_jaccard_ge_0.5,113,0.18524590163934426,0.24615469494803272,0.15789473684210525
